"id";"name";"email";"logo";"website";"created_at";"updated_at";"created_by_id";"updated_by_id"
"1";"suryakopi";"suryakopi.best@gmail.com";"default.jpg";"SuryaKopi.com";"2022-02-14 01:19:05";"2022-02-14 01:19:05";"1";"1"
"2";"kopiraya";"kopiraya@gmail.com";"default.jpg";"kopiraya.com";"2022-02-14 01:19:05";"2022-02-14 01:19:05";"1";"1"
"3";"Dozens";"dozen.best@gmail.com";"default.jpg";"dozens.com";"2022-02-14 01:19:05";"2022-02-14 01:19:05";"1";"1"
"4";"Delicioz";"delicioz.cool@gmail.com";"default.jpg";"delicioz.com";"2022-02-14 01:19:05";"2022-02-14 01:19:05";"1";"1"
"5";"Wendys";"wendys.food@gmail.com";"default.jpg";"wendys.com";"2022-02-14 01:19:05";"2022-02-14 01:19:05";"1";"1"
"6";"Lynch-Beatty";"nrogahn@nikolaus.org";"default.jpg";"parisian.com";"2022-02-14 01:19:05";"2022-02-14 01:19:05";"1";"1"
"7";"Turcotte-Johns";"qbraun@gusikowski.com";"default.jpg";"bergstrom.org";"2022-02-14 01:19:05";"2022-02-14 01:19:05";"1";"1"
"8";"Wolff, Gutmann and Hickle";"thelma.rodriguez@friesen.com";"default.jpg";"kertzmann.info";"2022-02-14 01:19:05";"2022-02-14 01:19:05";"1";"1"
"9";"Witting, Labadie and Ziemann";"hkeeling@pfannerstill.com";"default.jpg";"gottlieb.com";"2022-02-14 01:19:05";"2022-02-14 01:19:05";"1";"1"
"10";"Haag-Rowe";"kerluke.maximo@murphy.com";"default.jpg";"blick.com";"2022-02-14 01:19:05";"2022-02-14 01:19:05";"1";"1"
"11";"Brown, Mohr and Bartell";"corkery.carson@johns.com";"default.jpg";"littel.org";"2022-02-14 01:19:05";"2022-02-14 01:19:05";"1";"1"
"12";"Langworth, Orn and Hudson";"idickens@hegmann.com";"default.jpg";"will.com";"2022-02-14 01:19:05";"2022-02-14 01:19:05";"1";"1"
"13";"Dickens and Sons";"bahringer.belle@kertzmann.com";"default.jpg";"hane.org";"2022-02-14 01:19:05";"2022-02-14 01:19:05";"1";"1"
"14";"Swift-Bailey";"hyman98@carter.com";"default.jpg";"ratke.biz";"2022-02-14 01:19:05";"2022-02-14 01:19:05";"1";"1"
"15";"Harber-Murray";"lorena.terry@dickens.biz";"default.jpg";"reinger.org";"2022-02-14 01:19:05";"2022-02-14 01:19:05";"1";"1"
"16";"DuBuque LLC";"bradford94@ryan.com";"default.jpg";"walker.com";"2022-02-14 01:19:05";"2022-02-14 01:19:05";"1";"1"
"17";"Smith, Schmeler and Waelchi";"klocko.alberto@schaden.com";"default.jpg";"daugherty.com";"2022-02-14 01:19:05";"2022-02-14 01:19:05";"1";"1"
"18";"Willms-Bednar";"ernestina48@williamson.org";"default.jpg";"macejkovic.com";"2022-02-14 01:19:05";"2022-02-14 01:19:05";"1";"1"
"19";"Zulauf PLC";"jones.carmella@howe.info";"default.jpg";"pagac.com";"2022-02-14 01:19:05";"2022-02-14 01:19:05";"1";"1"
"20";"Paucek Inc";"pward@lesch.org";"default.jpg";"beahan.net";"2022-02-14 01:19:05";"2022-02-14 01:19:05";"1";"1"
"21";"Beatty, Jast and Cruickshank";"nmraz@schumm.com";"default.jpg";"muller.com";"2022-02-14 01:19:05";"2022-02-14 01:19:05";"1";"1"
"22";"Murazik, Leffler and Kuvalis";"hsmith@langworth.org";"default.jpg";"hodkiewicz.net";"2022-02-14 01:19:05";"2022-02-14 01:19:05";"1";"1"
"23";"Crona-Gorczany";"labadie.cleve@streich.org";"default.jpg";"abernathy.com";"2022-02-14 01:19:05";"2022-02-14 01:19:05";"1";"1"
"24";"Prohaska-Runolfsdottir";"willms.ara@crist.com";"default.jpg";"balistreri.org";"2022-02-14 01:19:05";"2022-02-14 01:19:05";"1";"1"
"25";"Crona, Nienow and Armstrong";"frank.hettinger@bode.org";"default.jpg";"nader.com";"2022-02-14 01:19:05";"2022-02-14 01:19:05";"1";"1"
"26";"Quitzon, Macejkovic and Rutherford";"blanda.turner@deckow.com";"default.jpg";"yost.com";"2022-02-14 01:19:05";"2022-02-14 01:19:05";"1";"1"
"27";"Hackett-Brekke";"sydnee86@blanda.com";"default.jpg";"mclaughlin.com";"2022-02-14 01:19:05";"2022-02-14 01:19:05";"1";"1"
"28";"Effertz-Yost";"pthompson@marquardt.com";"default.jpg";"smith.com";"2022-02-14 01:19:05";"2022-02-14 01:19:05";"1";"1"
"29";"Swift-Marquardt";"tyree.schamberger@weimann.org";"default.jpg";"grant.com";"2022-02-14 01:19:05";"2022-02-14 01:19:05";"1";"1"
"30";"Kuhlman and Sons";"altenwerth.ezra@schulist.com";"default.jpg";"sporer.net";"2022-02-14 01:19:05";"2022-02-14 01:19:05";"1";"1"
"31";"Crooks, Reichert and Schaden";"schmidt.verdie@runte.com";"default.jpg";"cummings.com";"2022-02-14 01:19:05";"2022-02-14 01:19:05";"1";"1"
"32";"Lakin-Gleason";"cummings.yolanda@mante.com";"default.jpg";"kuhlman.com";"2022-02-14 01:19:05";"2022-02-14 01:19:05";"1";"1"
"33";"Stoltenberg Inc";"jacynthe28@turcotte.com";"default.jpg";"becker.biz";"2022-02-14 01:19:05";"2022-02-14 01:19:05";"1";"1"
"34";"Hayes, Upton and Heathcote";"nicolas.sally@lockman.com";"default.jpg";"bechtelar.info";"2022-02-14 01:19:05";"2022-02-14 01:19:05";"1";"1"
"35";"Watsica, Daugherty and Goldner";"kschamberger@olson.com";"default.jpg";"hayes.org";"2022-02-14 01:19:05";"2022-02-14 01:19:05";"1";"1"
"36";"Hills and Sons";"cora.paucek@hettinger.info";"default.jpg";"metz.info";"2022-02-14 01:19:05";"2022-02-14 01:19:05";"1";"1"
"37";"Raynor-Walter";"ryan.freida@russel.info";"default.jpg";"welch.org";"2022-02-14 01:19:05";"2022-02-14 01:19:05";"1";"1"
"38";"Price LLC";"telly82@hettinger.com";"default.jpg";"keeling.biz";"2022-02-14 01:19:05";"2022-02-14 01:19:05";"1";"1"
"39";"Kertzmann Inc";"bwiza@shanahan.com";"default.jpg";"windler.com";"2022-02-14 01:19:05";"2022-02-14 01:19:05";"1";"1"
"40";"Wilkinson-Christiansen";"norberto.stoltenberg@volkman.org";"default.jpg";"prohaska.net";"2022-02-14 01:19:05";"2022-02-14 01:19:05";"1";"1"
"41";"Hills, Murazik and Mann";"vada.welch@prohaska.com";"default.jpg";"dietrich.com";"2022-02-14 01:19:05";"2022-02-14 01:19:05";"1";"1"
"42";"Roob and Sons";"ibarrows@heaney.info";"default.jpg";"waters.com";"2022-02-14 01:19:05";"2022-02-14 01:19:05";"1";"1"
"43";"White, Batz and Kerluke";"dimitri78@robel.com";"default.jpg";"ward.info";"2022-02-14 01:19:05";"2022-02-14 01:19:05";"1";"1"
"44";"Hackett and Sons";"silas.damore@terry.com";"default.jpg";"raynor.com";"2022-02-14 01:19:05";"2022-02-14 01:19:05";"1";"1"
"45";"Jacobson-Zemlak";"reginald.hackett@barton.org";"default.jpg";"tromp.org";"2022-02-14 01:19:05";"2022-02-14 01:19:05";"1";"1"
"46";"Strosin PLC";"marvin96@rau.net";"default.jpg";"bins.com";"2022-02-14 01:19:05";"2022-02-14 01:19:05";"1";"1"
"47";"Goyette-Hauck";"ruecker.vella@white.com";"default.jpg";"skiles.net";"2022-02-14 01:19:05";"2022-02-14 01:19:05";"1";"1"
"48";"Heidenreich, Hamill and Olson";"casey.sawayn@towne.com";"default.jpg";"williamson.info";"2022-02-14 01:19:05";"2022-02-14 01:19:05";"1";"1"
"49";"Marquardt, Kemmer and Greenholt";"mitchell.dovie@abbott.com";"default.jpg";"gibson.info";"2022-02-14 01:19:05";"2022-02-14 01:19:05";"1";"1"
"50";"Lind LLC";"hoppe.brook@armstrong.biz";"default.jpg";"hartmann.com";"2022-02-14 01:19:05";"2022-02-14 01:19:05";"1";"1"
"51";"Thompson, Miller and Hill";"nichole66@bailey.biz";"default.jpg";"bins.com";"2022-02-14 01:19:05";"2022-02-14 01:19:05";"1";"1"
"52";"Hermann LLC";"brando44@stanton.com";"default.jpg";"hane.info";"2022-02-14 01:19:05";"2022-02-14 01:19:05";"1";"1"
"53";"McLaughlin-Daniel";"uzboncak@eichmann.com";"default.jpg";"konopelski.com";"2022-02-14 01:19:05";"2022-02-14 01:19:05";"1";"1"
"54";"Champlin, Towne and Volkman";"geovany47@schroeder.org";"default.jpg";"collins.com";"2022-02-14 01:19:05";"2022-02-14 01:19:05";"1";"1"
"55";"Gibson Inc";"sluettgen@sipes.com";"default.jpg";"kautzer.biz";"2022-02-14 01:19:05";"2022-02-14 01:19:05";"1";"1"
"56";"Hodkiewicz Ltd";"marianne97@larkin.biz";"default.jpg";"schoen.org";"2022-02-14 01:19:05";"2022-02-14 01:19:05";"1";"1"
"57";"Considine LLC";"emilia09@maggio.com";"default.jpg";"boyle.net";"2022-02-14 01:19:05";"2022-02-14 01:19:05";"1";"1"
"58";"Bogan, Nolan and Lebsack";"ypollich@ullrich.com";"default.jpg";"wyman.net";"2022-02-14 01:19:05";"2022-02-14 01:19:05";"1";"1"
"59";"Cartwright LLC";"jakayla.hauck@bergstrom.info";"default.jpg";"haley.org";"2022-02-14 01:19:05";"2022-02-14 01:19:05";"1";"1"
"60";"Grady-Ward";"zschowalter@morissette.info";"default.jpg";"cruickshank.info";"2022-02-14 01:19:05";"2022-02-14 01:19:05";"1";"1"
"61";"McDermott, Casper and Feeney";"rogelio.purdy@predovic.com";"default.jpg";"grimes.com";"2022-02-14 01:19:05";"2022-02-14 01:19:05";"1";"1"
"62";"McGlynn-Welch";"wfeeney@kuhn.net";"default.jpg";"okuneva.com";"2022-02-14 01:19:05";"2022-02-14 01:19:05";"1";"1"
"63";"Jaskolski Ltd";"mschiller@kulas.biz";"default.jpg";"mraz.info";"2022-02-14 01:19:05";"2022-02-14 01:19:05";"1";"1"
"64";"Hammes, O'Connell and Dibbert";"steuber.jarrett@dickinson.org";"default.jpg";"little.info";"2022-02-14 01:19:05";"2022-02-14 01:19:05";"1";"1"
"65";"Conn, Nader and Leffler";"sauer.meghan@kutch.biz";"default.jpg";"jaskolski.com";"2022-02-14 01:19:05";"2022-02-14 01:19:05";"1";"1"
"66";"Lakin and Sons";"williamson.jerod@nicolas.com";"default.jpg";"gorczany.com";"2022-02-14 01:19:05";"2022-02-14 01:19:05";"1";"1"
"67";"Dare, Adams and Bahringer";"murphy.annamae@sipes.com";"default.jpg";"flatley.com";"2022-02-14 01:19:05";"2022-02-14 01:19:05";"1";"1"
"68";"Adams and Sons";"savanna.adams@gorczany.org";"default.jpg";"block.com";"2022-02-14 01:19:05";"2022-02-14 01:19:05";"1";"1"
"69";"Lubowitz LLC";"robert58@jaskolski.com";"default.jpg";"durgan.net";"2022-02-14 01:19:05";"2022-02-14 01:19:05";"1";"1"
"70";"Beahan-Von";"norbert.renner@emmerich.info";"default.jpg";"leuschke.com";"2022-02-14 01:19:05";"2022-02-14 01:19:05";"1";"1"
"71";"McKenzie-Towne";"gislason.arlie@tremblay.com";"default.jpg";"cruickshank.com";"2022-02-14 01:19:05";"2022-02-14 01:19:05";"1";"1"
"72";"Gulgowski, Olson and Bayer";"godfrey.steuber@thiel.com";"default.jpg";"prohaska.net";"2022-02-14 01:19:05";"2022-02-14 01:19:05";"1";"1"
"73";"Hauck Inc";"chance01@schultz.net";"default.jpg";"ryan.info";"2022-02-14 01:19:05";"2022-02-14 01:19:05";"1";"1"
"74";"Shields, Stiedemann and Paucek";"caleigh81@wiegand.org";"default.jpg";"kuhn.org";"2022-02-14 01:19:05";"2022-02-14 01:19:05";"1";"1"
"75";"Bode, Dickens and Stanton";"verlie61@von.com";"default.jpg";"rowe.biz";"2022-02-14 01:19:05";"2022-02-14 01:19:05";"1";"1"
"76";"Bergstrom-Becker";"mikayla.wuckert@boyer.com";"default.jpg";"von.biz";"2022-02-14 01:19:05";"2022-02-14 01:19:05";"1";"1"
"77";"Kling-Kunde";"arvid45@schmeler.com";"default.jpg";"jaskolski.info";"2022-02-14 01:19:05";"2022-02-14 01:19:05";"1";"1"
"78";"Hand, Pfannerstill and Schulist";"estella.weber@fay.org";"default.jpg";"sauer.org";"2022-02-14 01:19:05";"2022-02-14 01:19:05";"1";"1"
"79";"Rosenbaum, Nolan and O'Connell";"lrohan@brekke.com";"default.jpg";"feest.com";"2022-02-14 01:19:05";"2022-02-14 01:19:05";"1";"1"
"80";"Cummerata, Weber and Abernathy";"roger12@emard.com";"default.jpg";"baumbach.com";"2022-02-14 01:19:05";"2022-02-14 01:19:05";"1";"1"
"81";"Klocko-Nolan";"connie.haag@ebert.com";"default.jpg";"hamill.info";"2022-02-14 01:19:05";"2022-02-14 01:19:05";"1";"1"
"82";"Runolfsdottir-Little";"dzboncak@skiles.info";"default.jpg";"okon.info";"2022-02-14 01:19:05";"2022-02-14 01:19:05";"1";"1"
"83";"Stracke-Nitzsche";"geraldine.cruickshank@dach.com";"default.jpg";"predovic.com";"2022-02-14 01:19:05";"2022-02-14 01:19:05";"1";"1"
"84";"Schmeler, McClure and Rogahn";"ernser.dell@hagenes.com";"default.jpg";"marvin.com";"2022-02-14 01:19:05";"2022-02-14 01:19:05";"1";"1"
"85";"Schowalter, Pfeffer and Stehr";"fjohnston@okon.com";"default.jpg";"pfannerstill.com";"2022-02-14 01:19:05";"2022-02-14 01:19:05";"1";"1"
"86";"Mayer LLC";"ray.glover@nicolas.com";"default.jpg";"spencer.com";"2022-02-14 01:19:05";"2022-02-14 01:19:05";"1";"1"
"87";"Kunze, Runolfsdottir and Jaskolski";"reynolds.sunny@ankunding.info";"default.jpg";"heathcote.net";"2022-02-14 01:19:05";"2022-02-14 01:19:05";"1";"1"
"88";"Hills, Steuber and Hagenes";"eino.mraz@mckenzie.org";"default.jpg";"grimes.com";"2022-02-14 01:19:05";"2022-02-14 01:19:05";"1";"1"
"89";"Mosciski, Hahn and Beahan";"effertz.freida@streich.com";"default.jpg";"jenkins.com";"2022-02-14 01:19:05";"2022-02-14 01:19:05";"1";"1"
"90";"Kozey-Glover";"christiansen.ofelia@wilderman.com";"default.jpg";"abshire.info";"2022-02-14 01:19:05";"2022-02-14 01:19:05";"1";"1"
"91";"Leannon-Mann";"hassie57@auer.com";"default.jpg";"pollich.org";"2022-02-14 01:19:05";"2022-02-14 01:19:05";"1";"1"
"92";"Parker, Dickinson and Howell";"brandt94@schroeder.com";"default.jpg";"armstrong.com";"2022-02-14 01:19:05";"2022-02-14 01:19:05";"1";"1"
"93";"Fay, Olson and Leannon";"diego05@mertz.com";"default.jpg";"baumbach.com";"2022-02-14 01:19:05";"2022-02-14 01:19:05";"1";"1"
"94";"Conroy-Moen";"mabel.terry@tromp.com";"default.jpg";"olson.com";"2022-02-14 01:19:05";"2022-02-14 01:19:05";"1";"1"
"95";"Oberbrunner Ltd";"liliane58@greenfelder.com";"default.jpg";"kling.com";"2022-02-14 01:19:05";"2022-02-14 01:19:05";"1";"1"
"96";"Erdman PLC";"ernesto23@olson.org";"default.jpg";"metz.net";"2022-02-14 01:19:05";"2022-02-14 01:19:05";"1";"1"
"97";"McDermott-Upton";"windler.rowland@abernathy.com";"default.jpg";"buckridge.biz";"2022-02-14 01:19:05";"2022-02-14 01:19:05";"1";"1"
"98";"Goodwin Group";"gunner.harber@prohaska.com";"default.jpg";"kohler.net";"2022-02-14 01:19:05";"2022-02-14 01:19:05";"1";"1"
"99";"Sporer Ltd";"leannon.sim@zulauf.info";"default.jpg";"daugherty.com";"2022-02-14 01:19:05";"2022-02-14 01:19:05";"1";"1"
"100";"Adams-Harris";"lucius04@kassulke.net";"default.jpg";"sawayn.info";"2022-02-14 01:19:05";"2022-02-14 01:19:05";"1";"1"
