"id";"first_name";"last_name";"companie_id";"email";"phone";"created_at";"updated_at";"password";"created_by_id";"updated_by_id"
"1";"Fernando";"Lin";"1";"hallo.fernando@gmail.com";"89522635161";"2022-02-14 01:19:05";"2022-02-14 01:19:05";"$2y$10$n8ugvwGdQeyhVxSZ3nDNzO7UqyYOI7pF9M4pwlqvj4rOcaqLwkCI.";"1";"1"
"2";"Keyshawn";"Simonis";"1";"dandre.stehr@example.com";"18728903841";"2022-02-14 01:19:05";"2022-02-14 01:19:05";"$2y$10$lEcVir6hqvN2mwjOUGD2NeVhuq7H/Jczm4BtkAPLvQ2EVqjoZezDG";"1";"1"
"3";"Demond";"Bayer";"1";"boehm.terrence@example.org";"17317605163";"2022-02-14 01:19:05";"2022-02-14 01:19:05";"$2y$10$xRlihFL/qCNDuD/tJMY2qe7y3P2eiH.SSRYExq61PpQB9rqSEs9f.";"1";"1"
"4";"Myrtice";"Gulgowski";"1";"carleton.emard@example.net";"14806293547";"2022-02-14 01:19:05";"2022-02-14 01:19:05";"$2y$10$BPDwmvG29o45aMf4zqIRrefVloohhALNPSyKrElMtVaQERLan/bTy";"1";"1"
"5";"Lori";"Weber";"1";"brown.ryann@example.net";"15107106192";"2022-02-14 01:19:05";"2022-02-14 01:19:05";"$2y$10$6PP5jSis7eA/luJIsVzxK.ld9HIQnJlY/MMvwJ7YzL4nLHmRHUHZ.";"1";"1"
"6";"Jamison";"Beier";"1";"astokes@example.net";"16028079800";"2022-02-14 01:19:05";"2022-02-14 01:19:05";"$2y$10$k168rM/bJtJAd4bRg3SAGee7F0Sf71w3f9Q3arVTxM/QyYYyosErm";"1";"1"
"7";"Phyllis";"Witting";"1";"ibatz@example.net";"14757292546";"2022-02-14 01:19:05";"2022-02-14 01:19:05";"$2y$10$SeKPZHrufeLcwqwL2hSMQeoeUq57tKjFnwwJzJ/4cvPI9GR362yU6";"1";"1"
"8";"Macy";"Cartwright";"1";"xschmidt@example.net";"17272866864";"2022-02-14 01:19:05";"2022-02-14 01:19:05";"$2y$10$RoIIkPRflYke2PfK53nB2OVExc.Ao.vAPE6bMefUf7PsCMf.uVhc.";"1";"1"
"9";"Mylene";"Swift";"1";"mathias.predovic@example.com";"14632960292";"2022-02-14 01:19:05";"2022-02-14 01:19:05";"$2y$10$LXHD3M58nD62PXuQbslK1ed243kw0.9rrpr6waxp0AAt1r6FLT52.";"1";"1"
"10";"Rebekah";"Hayes";"1";"terrance.pollich@example.org";"18706163468";"2022-02-14 01:19:05";"2022-02-14 01:19:05";"$2y$10$teLOShHcOjLFxV4sqCzYq.qrSz8BFdFY/KDl6XNlSIMkMchfXF6gu";"1";"1"
"11";"Angelina";"Anderson";"1";"murl.lind@example.org";"14253644318";"2022-02-14 01:19:05";"2022-02-14 01:19:05";"$2y$10$/adLHcXAJhm6y/7wDzvMXep9cCg1NTEtY7tRrdgzCfcKxkYafabWK";"1";"1"
"12";"Myron";"Ryan";"1";"mbailey@example.org";"15027573506";"2022-02-14 01:19:05";"2022-02-14 01:19:05";"$2y$10$GWFrnBKN9o/cQcwc2W8DB.CJE.pkSpUDtao4lGyInpFDUpq2bQ8.e";"1";"1"
"13";"Maymie";"Luettgen";"1";"von.therese@example.org";"14845664022";"2022-02-14 01:19:05";"2022-02-14 01:19:05";"$2y$10$Gb.Z8Urp8dSP2x4203tb4uW82cdOhCa6pBd/sM6LnV79KSUpM1rKm";"1";"1"
"14";"Tristian";"Carter";"1";"plabadie@example.net";"18578890436";"2022-02-14 01:19:05";"2022-02-14 01:19:05";"$2y$10$DSiqosvywYWFXJNSKfX7/.Xf0JY4zdts6EATsbWYTXMq4kfwqJPqy";"1";"1"
"15";"Mozell";"Rogahn";"1";"okeefe.kaya@example.org";"13344429453";"2022-02-14 01:19:05";"2022-02-14 01:19:05";"$2y$10$5gbyj3ph0j3.Yjhora/HsemMGQZbLDUAz7JWhcHOvcQfY1Mmry3PW";"1";"1"
"16";"Karine";"Pollich";"1";"corwin.christa@example.org";"12343337682";"2022-02-14 01:19:05";"2022-02-14 01:19:05";"$2y$10$UybWo4uQIV4a4yAtGF1xZu6IGOLoYdrQFOd8jD.h5DCvImKffkBF.";"1";"1"
"17";"Kristy";"Altenwerth";"1";"bfeil@example.com";"15519467856";"2022-02-14 01:19:05";"2022-02-14 01:19:05";"$2y$10$fGz2Fzvvn7ZVlTI/A3pQAu3oABFzakhMA122D0GI2HW9ZSakmyyXe";"1";"1"
"18";"Felicia";"Balistreri";"1";"christiana.mayert@example.org";"17729205609";"2022-02-14 01:19:05";"2022-02-14 01:19:05";"$2y$10$eoDzFFFQR8zEPuflsnObQ.dhFwQ/B9JsyZsoJY1A5YLaURrBqkHQy";"1";"1"
"19";"Johnpaul";"Treutel";"1";"glen18@example.org";"19259350261";"2022-02-14 01:19:05";"2022-02-14 01:19:05";"$2y$10$gEQd/Nn9uKp.EQm2yT8Ld.vVUWTPY7dWsrIy/vWDXSuWfAP6Jl3wW";"1";"1"
"20";"Anita";"Doyle";"1";"gavin61@example.net";"18789680111";"2022-02-14 01:19:05";"2022-02-14 01:19:05";"$2y$10$JkruSAr8GLmKi6n/2B1wiOOw8ulGD7NOwW8iL6oO8AqWDZSr4K31K";"1";"1"
"21";"Ellie";"Kuhic";"1";"misael84@example.com";"14132512852";"2022-02-14 01:19:05";"2022-02-14 01:19:05";"$2y$10$8oDgJtPuoQ2xjIOycrB1XuQNG59W0pYDJqPX6HVoAPFZRbpikssJS";"1";"1"
"22";"Tatum";"Moen";"1";"ewell.waelchi@example.net";"15802953059";"2022-02-14 01:19:05";"2022-02-14 01:19:05";"$2y$10$4.v6c44firJ7kciIIJzNJucMQKwmuNNLs152C6wmQ8NlMdEpLo.b2";"1";"1"
"23";"Delphine";"Aufderhar";"1";"weissnat.lupe@example.org";"17328762113";"2022-02-14 01:19:05";"2022-02-14 01:19:05";"$2y$10$B.41E4B5aepTb.q/eJDTRebdPsGw9NnsRCMjtARNH56dnrPDhYXvK";"1";"1"
"24";"Mia";"Predovic";"1";"garland89@example.org";"18433481651";"2022-02-14 01:19:05";"2022-02-14 01:19:05";"$2y$10$WBvALjAooGidfDaNdr2UaesfSWuUrKqtD3VauQXyEmYmOHsRV2BQO";"1";"1"
"25";"Lance";"Daniel";"1";"trent.lindgren@example.com";"16829368354";"2022-02-14 01:19:05";"2022-02-14 01:19:05";"$2y$10$qgfjifE81NiOrYDaf80nk.U2CZrJ8xdUaTCojOmMkDGBYU6DynnYC";"1";"1"
"26";"Yvonne";"Conn";"1";"xkshlerin@example.com";"18706850260";"2022-02-14 01:19:05";"2022-02-14 01:19:05";"$2y$10$QrW/ZX1H3nhEo9howmzq2.fEN0FixH0/ggHPhbudK/1vyRqexncky";"1";"1"
"27";"Micah";"Conroy";"1";"oconnell.rebeka@example.com";"13082070654";"2022-02-14 01:19:05";"2022-02-14 01:19:05";"$2y$10$osz8186TiViwNWBLNIaA7.XMUpITu9XobZThQymzbotuT9H8xEw6K";"1";"1"
"28";"Leanna";"Ernser";"1";"trycia.howe@example.net";"12675061637";"2022-02-14 01:19:05";"2022-02-14 01:19:05";"$2y$10$TQ.3V5/z4uIVEfw2fLyi4.JQebFinrZmJOOFYlaYwzIo2KXlF.B1O";"1";"1"
"29";"Liliane";"Thompson";"1";"abarton@example.com";"17272440590";"2022-02-14 01:19:05";"2022-02-14 01:19:05";"$2y$10$fc81v3HDyYEz1Mn.Dl9K8eaZ1bcJezpmCDeq.rrlpUlZWuKU9jaQq";"1";"1"
"30";"Juston";"McGlynn";"1";"tillman.moen@example.org";"18563871157";"2022-02-14 01:19:05";"2022-02-14 01:19:05";"$2y$10$cOyyrU9GBxOf8cv8JdFXXOD7LcDH8ENScpK8zGOq566pXxjw1vvw6";"1";"1"
"31";"Daphne";"Jakubowski";"1";"harold70@example.net";"15078850502";"2022-02-14 01:19:05";"2022-02-14 01:19:05";"$2y$10$QB8cAUxVXtPo1VSQtrz9GOibrOCshuHMRunA5wmJ6nBSSOs9TIw3a";"1";"1"
"32";"Dolly";"Marquardt";"1";"gislason.jennyfer@example.com";"16363234905";"2022-02-14 01:19:05";"2022-02-14 01:19:05";"$2y$10$dI3WYVJPwJR3Zglig.kxoOCxJRjtdk891jXOBSHyCE1hjja2THG4e";"1";"1"
"33";"Oran";"Funk";"1";"vdooley@example.net";"12623027974";"2022-02-14 01:19:05";"2022-02-14 01:19:05";"$2y$10$O6E02u5IcsvynwR5Edrze.aJnlEJEyPZ.0mnBk2l2ZkcASu83tH8.";"1";"1"
"34";"Anabel";"Harvey";"1";"jeramy28@example.org";"18509795659";"2022-02-14 01:19:05";"2022-02-14 01:19:05";"$2y$10$kkJuOBiXiwR4P/0Y5Dk/uOFjHbyekwCQ582ePCPmSOaLQEB4WQIBO";"1";"1"
"35";"Johnpaul";"Kutch";"1";"eleanora39@example.net";"16087048198";"2022-02-14 01:19:05";"2022-02-14 01:19:05";"$2y$10$BSkbL0KVVZMxeqc1T5iBXeVFxVDgsUZsbTkukRJqLgvedCcxJClGS";"1";"1"
"36";"Alberta";"Kovacek";"1";"wupton@example.com";"16623221340";"2022-02-14 01:19:05";"2022-02-14 01:19:05";"$2y$10$6rV.kMzMeFb1LzjuvFdLH.NhUgMEsyZUyuMz/o8hoPnE8ZCkAbrPS";"1";"1"
"37";"Imani";"Bogan";"1";"wpowlowski@example.org";"13806653464";"2022-02-14 01:19:05";"2022-02-14 01:19:05";"$2y$10$jYN6WMT8PwSqmgXi8GDFs.Op7WEjt1F5LjS31.nZXpSEpGCI8t7ye";"1";"1"
"38";"Jaiden";"Ebert";"1";"huel.lola@example.net";"13033760804";"2022-02-14 01:19:05";"2022-02-14 01:19:05";"$2y$10$NjT2pSejii.xO6T.c.nIB.9tY.8rG3/Do9jBz35W6sAumh87vPrRa";"1";"1"
"39";"Dangelo";"Homenick";"1";"mohr.felipa@example.org";"12104037199";"2022-02-14 01:19:05";"2022-02-14 01:19:05";"$2y$10$klJ9VQVZ9ZVgXyyoTi3l9.15NvLXhlBQMGni/uBgv5OOFhreIFI06";"1";"1"
"40";"Wendy";"Boyle";"1";"stokes.lucio@example.com";"17067519854";"2022-02-14 01:19:05";"2022-02-14 01:19:05";"$2y$10$rHxhhFbHc6qX0wHQxTcfHemJr.wGyfdDhEWIbaBgQkzZWWfOkRfwi";"1";"1"
"41";"Reba";"Lang";"1";"brooke.kerluke@example.org";"15513896315";"2022-02-14 01:19:05";"2022-02-14 01:19:05";"$2y$10$1T.bYxAmTumEKveQp25UHuSAWjKtDN/pg87nUGizQMgfcfl1jJygS";"1";"1"
"42";"Talia";"Strosin";"1";"psporer@example.com";"15596479565";"2022-02-14 01:19:05";"2022-02-14 01:19:05";"$2y$10$ig7WM.O8oLmKDTK.ZVfB5.JtJBAcMaipxTZbs1K3.WgRPqBaC2FJi";"1";"1"
"43";"Leone";"Waters";"1";"toy.gordon@example.org";"15405754585";"2022-02-14 01:19:05";"2022-02-14 01:19:05";"$2y$10$Kfgi0KmoULCasA6vRbz0pe3VFtUq4T22yHlBEbPGrliKaQm/eAN8m";"1";"1"
"44";"Verda";"Wolff";"1";"leon.torphy@example.com";"16098338552";"2022-02-14 01:19:05";"2022-02-14 01:19:05";"$2y$10$WvlzJ/CmRDB4szkJ1kTxmeSu/AMOqVj7FGwl.O9SPZ483e44Cc1.a";"1";"1"
"45";"Edwina";"Abshire";"1";"connie.spinka@example.net";"19368640102";"2022-02-14 01:19:05";"2022-02-14 01:19:05";"$2y$10$l/rhYwIJlLG1b2zWbVmv8uXmF4WYiBsfqVf8uuiV/f.3PUY0tV0/m";"1";"1"
"46";"Hailie";"Weissnat";"1";"rwatsica@example.com";"19782952659";"2022-02-14 01:19:05";"2022-02-14 01:19:05";"$2y$10$GBEAJZox3s3VJdItozG7rOktOtBijxsbUvUEsUsv.nO.NSHZvYUfi";"1";"1"
"47";"Loy";"Schimmel";"1";"jace15@example.org";"15808107346";"2022-02-14 01:19:05";"2022-02-14 01:19:05";"$2y$10$S458o067xkdPH75u3p.og.fKiY.SRXuzHnB1PGTK1wY55CoZ2X5ym";"1";"1"
"48";"Carmel";"Fay";"1";"wiley17@example.org";"13479669229";"2022-02-14 01:19:05";"2022-02-14 01:19:05";"$2y$10$DJk6esLd2pH3O.q2dW.75.jxDzc1Sc9jpgxk6lcyBAyu2QlrVoro2";"1";"1"
"49";"Bennie";"Hayes";"1";"rrenner@example.com";"14308601141";"2022-02-14 01:19:05";"2022-02-14 01:19:05";"$2y$10$3HzwOAbnkJTksaCPBU5XSOSnoWkcravq.CWfcuWW1DS0rUU2nUixm";"1";"1"
"50";"Kolby";"Corkery";"1";"fziemann@example.org";"19068348080";"2022-02-14 01:19:05";"2022-02-14 01:19:05";"$2y$10$mN77TDiIpy2OLwiy0eaIAufpE8uKD5wdcdoeHK/KREtSFQ4ZehdvC";"1";"1"
"51";"Kiley";"Yundt";"2";"beer.evans@example.net";"16283958077";"2022-02-14 01:19:05";"2022-02-14 01:19:05";"$2y$10$w9N20m8YbnbGeeBJznGIf.OuoZ1/v67k6uWc41AnGqtikOClMIdw2";"1";"1"
"52";"Kyra";"Gislason";"2";"mante.sigurd@example.com";"19253977775";"2022-02-14 01:19:05";"2022-02-14 01:19:05";"$2y$10$ED2kcSXmh/KK8MfLABwjN.FMXN2.kmcwUb34icxTldPrbP673K7Vi";"1";"1"
"53";"Nigel";"Bins";"2";"borer.astrid@example.org";"18314435977";"2022-02-14 01:19:05";"2022-02-14 01:19:05";"$2y$10$2KYhDz05u3se95DjTcEvnObziGD0tpS36siybERTrfvnkRT924Qpy";"1";"1"
"54";"Olaf";"Christiansen";"2";"qspinka@example.net";"18477388687";"2022-02-14 01:19:05";"2022-02-14 01:19:05";"$2y$10$1DhQLxklt1FZhkn0YTk/UeFUWctjOLfl4HvoItbjhfReh49uD1ho2";"1";"1"
"55";"Rahul";"Raynor";"2";"rahul@example.com";"15854765255";"2022-02-14 01:19:05";"2022-02-14 01:19:05";"$2y$10$GK/8mojOkysK/fz7e2w06e2bq0OD0Erf61NlNUTbN8QOoui9fMnA2";"1";"1"
"56";"Berta";"Blanda";"2";"lavina.hickle@example.net";"12056307811";"2022-02-14 01:19:05";"2022-02-14 01:19:05";"$2y$10$ASuFVbXrOJBvej1EtJ9iYuh6iAxByL/cq6mKWYWwB8qEC09Fqr6c2";"1";"1"
"57";"Catharine";"Larkin";"2";"cjones@example.com";"16284449273";"2022-02-14 01:19:05";"2022-02-14 01:19:05";"$2y$10$AmuEcF/wMyHTNXMgdkAst.2ccwKhErECEz5hRXCNdWgNIBBqYuym6";"1";"1"
"58";"Sage";"Hilpert";"2";"udoyle@example.net";"15415566044";"2022-02-14 01:19:05";"2022-02-14 01:19:05";"$2y$10$ItNsXtVMazQv/Ysph.xtLeV8weC6tL5xsxhGZGKEjXonkFs2De07i";"1";"1"
"59";"Lourdes";"Sporer";"2";"gcormier@example.org";"13168590637";"2022-02-14 01:19:05";"2022-02-14 01:19:05";"$2y$10$f26WUhl7c9UIpc5uK8Uyxu7xTcubcrvGTeC9yMLCHg6OQ6JODhBM2";"1";"1"
"60";"Ignacio";"Kuhic";"2";"brian.wiza@example.net";"13476156239";"2022-02-14 01:19:05";"2022-02-14 01:19:05";"$2y$10$wTMrD5KNC.ywSfGwQ4l5E.zqvyGMtZF9vWfSoc4YOmcy8iBiWDWFy";"1";"1"
"61";"Patrick";"Star";"3";"patrick@example.com";"16022125424";"2022-02-14 01:19:05";"2022-02-14 01:19:05";"$2y$10$JIuBsSysdtDWX3ESWKF0EeZu9yzWoroGrnc7gNP3BOqvtPZbKwdQS";"1";"1"
"62";"Kaya";"Rohan";"3";"bria.hoeger@example.net";"12203770534";"2022-02-14 01:19:05";"2022-02-14 01:19:05";"$2y$10$llJYMa30F/daB37CtNkG4Ok1uSf2CwI5MfUDkHyfZGt4CLd4gNa0C";"1";"1"
"63";"Felicita";"Mann";"3";"jannie20@example.com";"15637153297";"2022-02-14 01:19:05";"2022-02-14 01:19:05";"$2y$10$f7mgd0Idi2a.oEtd6ahCwezS13hxvhpXKqpe2EW4lVXUuqTxkp.Rm";"1";"1"
"64";"Ignatius";"Miller";"3";"caroline05@example.net";"12606235960";"2022-02-14 01:19:05";"2022-02-14 01:19:05";"$2y$10$GSsTjiiWzs6Vvi/YLh1Jpu.sxEuzZhbu8aJ/2KAtkHWCIah.x6gLy";"1";"1"
"65";"Tillman";"Trantow";"3";"erick09@example.net";"13257617182";"2022-02-14 01:19:05";"2022-02-14 01:19:05";"$2y$10$WhPHnC/s1WvjageA1iD0QuLgnyvOf/.Y3NFfvGlECFJ9kueWqnVAq";"1";"1"
"66";"Javier";"Keebler";"3";"stanton.evans@example.org";"16896734731";"2022-02-14 01:19:05";"2022-02-14 01:19:05";"$2y$10$Jc0L0vWINAFlkwSKHbDfHO4sfytlKPHXHsJgn0DrmXWFqsyV6u9fm";"1";"1"
"67";"Candido";"Hettinger";"3";"nroob@example.net";"15637398135";"2022-02-14 01:19:05";"2022-02-14 01:19:05";"$2y$10$/fxBoZOBK.1MJeOXrVIfVO48bpS.VEb.P2aKoLnzjkVoxpNFQq016";"1";"1"
"68";"Monty";"Monahan";"3";"jarret.ernser@example.net";"16616802933";"2022-02-14 01:19:05";"2022-02-14 01:19:05";"$2y$10$V9S0AkzAhxN2msRhaOHG9u/CiaBRriHxUdxQFTW7c05bTT45zDbjW";"1";"1"
"69";"Jamal";"Miller";"3";"emmerich.wayne@example.net";"13072769467";"2022-02-14 01:19:05";"2022-02-14 01:19:05";"$2y$10$glvWJilYuRd/iqE77RUFLuxA.RLlxIrfYMXJANIMsJJN1zaeDXWoe";"1";"1"
"70";"Joaquin";"Doyle";"3";"stoltenberg.jaqueline@example.net";"18156318226";"2022-02-14 01:19:05";"2022-02-14 01:19:05";"$2y$10$v815.zGZx/sUif3l5O1JXO.k1m/oimDAMQuO8ZMG62CYr5PVl7pre";"1";"1"
"71";"Chad";"Tremblay";"3";"abigale.harber@example.net";"14849026362";"2022-02-14 01:19:05";"2022-02-14 01:19:05";"$2y$10$UjunnW4DwQQf2r8rlgBCOOXXYsdSFAMhLR66Zc89G7CNs6i22kpTq";"1";"1"
"72";"Brock";"Waelchi";"3";"jokeefe@example.com";"12728364565";"2022-02-14 01:19:05";"2022-02-14 01:19:05";"$2y$10$8eAEkTHwJ9Bhcssfa6jjzOBtI1BFxQKBaRh.37B3.gyvxUUAPJnce";"1";"1"
"73";"Patience";"O'Kon";"3";"mraz.tanner@example.net";"13526043444";"2022-02-14 01:19:05";"2022-02-14 01:19:05";"$2y$10$Hc9WTpqYUsRNjcL7ma/F5uCd01wlVeN2IzhjSNnMlG2Rj1V6ooxeC";"1";"1"
"74";"Naomi";"Weber";"3";"abigail65@example.com";"12834291775";"2022-02-14 01:19:05";"2022-02-14 01:19:05";"$2y$10$h0stkFAxQDzfLzV9Dzl.xOHf6YpdVPfPcCCATS1YPMBuxA3K44G/G";"1";"1"
"75";"Cassidy";"Goldner";"3";"richmond36@example.net";"18284933917";"2022-02-14 01:19:05";"2022-02-14 01:19:05";"$2y$10$yEoLA1mStlUe5bachO.FMOBrPK42d/Q8uSwJpBkv1lhthhl0UxaFu";"1";"1"
"76";"Mallie";"Legros";"3";"fidel.goyette@example.net";"19317881583";"2022-02-14 01:19:05";"2022-02-14 01:19:05";"$2y$10$eIsP3pjM0Ig.Eo8RuCpiqeoLPe0sXN2JzLg425ThfFuWOz1vEp7Ci";"1";"1"
"77";"Stella";"Walter";"3";"natasha46@example.net";"14402782781";"2022-02-14 01:19:05";"2022-02-14 01:19:05";"$2y$10$yaBbxwrHxsN9RoRkxpgxvO6r6weP3KgF.bGJ20kmbtTAGzbUc6Nxu";"1";"1"
"78";"Stephany";"Shields";"3";"schowalter.itzel@example.com";"17756584730";"2022-02-14 01:19:05";"2022-02-14 01:19:05";"$2y$10$2oIB4jBWjA4BlRAnhTfD0OfMZgH21mMi8XZE4SmauDoyabpL3SxTK";"1";"1"
"79";"Abby";"Satterfield";"3";"runolfsson.jennyfer@example.org";"15132586239";"2022-02-14 01:19:05";"2022-02-14 01:19:05";"$2y$10$3/8gzi2yACgicxYwquxut./usOhBo7ycTgNXwphib9SsPQ5Q8xicW";"1";"1"
"80";"Kenton";"Cummerata";"3";"whowell@example.net";"15707008582";"2022-02-14 01:19:05";"2022-02-14 01:19:05";"$2y$10$/5gRQs8QFwlaxECObMUJ9.xzIKhLp8ah2YgTErgwZZHDwXy.K3Yaa";"1";"1"
"81";"Claudine";"Champlin";"3";"grant.viola@example.net";"19147053946";"2022-02-14 01:19:05";"2022-02-14 01:19:05";"$2y$10$FtYpRliH41v2suKuVJfG2elaThYNqHqRCsFpGELuHyxqoIHPbPwue";"1";"1"
"82";"Krystina";"West";"3";"braeden62@example.com";"19896292950";"2022-02-14 01:19:05";"2022-02-14 01:19:05";"$2y$10$uj1R.YK6ut0rw/WR6gNX6OCzNFX7knGtjdo32dyvfRwnU.ImaoUMy";"1";"1"
"83";"Belle";"Quigley";"3";"brian54@example.net";"15402538377";"2022-02-14 01:19:05";"2022-02-14 01:19:05";"$2y$10$ZC.ToCxQRlrKlMmOvHMpz.hTbP.gYwz5ootRRLXvoqEPswrGG4npK";"1";"1"
"84";"Maiya";"Ferry";"3";"nitzsche.charlie@example.com";"12024812208";"2022-02-14 01:19:05";"2022-02-14 01:19:05";"$2y$10$uX0QBWAHVnuliwKN9ZUEsOt/Wwt0Dgm8VeAJkgPJ2aQaz..XR9.V.";"1";"1"
"85";"Alexandrea";"Bradtke";"3";"kiel43@example.net";"15677681419";"2022-02-14 01:19:05";"2022-02-14 01:19:05";"$2y$10$ajwJ63tXZ6ignXPDwCvxC.EdZUdG2Cpr3.dh1N8v2F6hiDiJEOK82";"1";"1"
"86";"Jerel";"O'Reilly";"3";"will.sophie@example.com";"15202358045";"2022-02-14 01:19:05";"2022-02-14 01:19:05";"$2y$10$dy1vAzqgf8DMv0xSzcrKq.7LTJfrB7BJqB63IoYshFQGsTw8c/3w.";"1";"1"
"87";"Nickolas";"Prohaska";"3";"mayer.neoma@example.com";"19412956867";"2022-02-14 01:19:05";"2022-02-14 01:19:05";"$2y$10$NqZ4oyFZbLyrBTq7sar/veUEtM0E80Q2QgECXesbtQfYBXaDwJZZu";"1";"1"
"88";"Lazaro";"Kuhic";"3";"blanda.christop@example.net";"19017653267";"2022-02-14 01:19:05";"2022-02-14 01:19:05";"$2y$10$fOq19EyZjKRKq.zXABOBf.TkDTlLiGI.1OlDXPZRqYCesT6.IKRG.";"1";"1"
"89";"Lacey";"Beer";"3";"saige16@example.com";"12407456015";"2022-02-14 01:19:05";"2022-02-14 01:19:05";"$2y$10$Sqx2ASFLxSFjV6YxWhf06.gY1EM4YUDebiuE/Sw7hmbRM/56.nfGC";"1";"1"
"90";"Nickolas";"Dach";"3";"bert.stokes@example.org";"19082253598";"2022-02-14 01:19:05";"2022-02-14 01:19:05";"$2y$10$hMNux9eOIKmZIw9/D7kjPe0BcnYZDHFd2eG2cfNLGbodDgr/j3M6.";"1";"1"
"91";"Kacie";"Robel";"4";"wilbert74@example.com";"15104041360";"2022-02-14 01:19:05";"2022-02-14 01:19:05";"$2y$10$pG.k3FBfeNq8pKx19iqcYOIW/wmYLoDoG7J69yoo9MNReCXYfSfhq";"1";"1"
"92";"Kenya";"Spencer";"4";"wehner.randall@example.net";"19404318669";"2022-02-14 01:19:05";"2022-02-14 01:19:05";"$2y$10$lne3n.IdBZrV3oPG3pjGFeS0uC7GWeSnhcQEeJTwdom24UetJMGcu";"1";"1"
"93";"Otis";"Schaefer";"4";"pdouglas@example.com";"16184979661";"2022-02-14 01:19:05";"2022-02-14 01:19:05";"$2y$10$aKJKuWO85L3qrqiUNVWMH..MIwf4709sYIG.eMdqWaZr9tjPthS9i";"1";"1"
"94";"Tabitha";"Mraz";"4";"stracke.daren@example.com";"16364331294";"2022-02-14 01:19:05";"2022-02-14 01:19:05";"$2y$10$KVjQwXiM.LnD0.DWIlepA.qHVIlA2hrzjXRAo5QsxdpUz4kn3gAiW";"1";"1"
"95";"Lila";"Rolfson";"4";"koelpin.tessie@example.com";"18129822863";"2022-02-14 01:19:05";"2022-02-14 01:19:05";"$2y$10$jD5U3SCsx/X0iDkOW3SB.uRIenVLcyK66UCz64jVC.syJO2KC83dG";"1";"1"
"96";"Coby";"Graham";"4";"foberbrunner@example.org";"15514828338";"2022-02-14 01:19:05";"2022-02-14 01:19:05";"$2y$10$gDsPWvJNqbatb1ymJq05uuQyZrfRwO3AUolq.8CuMZKWBO.Vf16y.";"1";"1"
"97";"Madison";"Tromp";"4";"makayla.king@example.com";"19805225210";"2022-02-14 01:19:05";"2022-02-14 01:19:05";"$2y$10$dffp7KvTVAtX2aAE5FRQz.ToEzN27RLa4yVxNz3CzrUDxdU/PAnM.";"1";"1"
"98";"Ethel";"Boyle";"4";"gerlach.madisyn@example.com";"16785275649";"2022-02-14 01:19:05";"2022-02-14 01:19:05";"$2y$10$8LB7iabmfjgqJ2MSc8dc4e.YoUO7nF5ATr4sagcYnct0suteum/N2";"1";"1"
"99";"Isabel";"Boyle";"4";"jillian08@example.net";"15405003717";"2022-02-14 01:19:05";"2022-02-14 01:19:05";"$2y$10$rHSFsITc7YeCZs/aW1ER.ubpjy93z2FO17eL.9HNzZzGnhsw1fe9q";"1";"1"
"100";"Aisha";"Kunze";"4";"stan67@example.net";"19707379307";"2022-02-14 01:19:05";"2022-02-14 01:19:05";"$2y$10$kewibh4ap8koHfU/7Yo5Zukv.jTel/cweTvzVRou94bJGBIq7xIYC";"1";"1"
"101";"Holly";"Huel";"5";"jaskolski.damon@example.org";"16509952392";"2022-02-14 01:19:05";"2022-02-14 01:19:05";"$2y$10$qz/yDLuzzXa3wZtCtMjMduXDVS2vAqP2NKI15N4vKnjtCKxUyzUJm";"1";"1"
"102";"Candido";"Welch";"5";"marjolaine82@example.com";"13347315418";"2022-02-14 01:19:05";"2022-02-14 01:19:05";"$2y$10$ZuE80NIS0CwK5gx8GsAgyeCCjNsvQ/tWsgh3nlONROV2CcvxLkqC.";"1";"1"
"103";"Esperanza";"Gibson";"5";"utorp@example.com";"12243215773";"2022-02-14 01:19:05";"2022-02-14 01:19:05";"$2y$10$2QKEqB/.Rms0FD5hffu0MOFMRz7UcipY8KSfqziFgRee/4nczV4hy";"1";"1"
"104";"Alessandra";"McKenzie";"5";"elouise.lubowitz@example.org";"18642073484";"2022-02-14 01:19:05";"2022-02-14 01:19:05";"$2y$10$4w9Xp80/VLo8nKfcwlZVouXzwJ0x3GG84nUDO0hzwtWklWcC7ZrDO";"1";"1"
"105";"Willy";"Shields";"5";"jimmy32@example.org";"12727885997";"2022-02-14 01:19:05";"2022-02-14 01:19:05";"$2y$10$.w5h4CswvkqWPhwP1wSobOOubrMXvuWUtKtPhbEPP8STJ94tcF0ae";"1";"1"
"106";"Antwon";"Gusikowski";"5";"emely28@example.net";"15515253415";"2022-02-14 01:19:05";"2022-02-14 01:19:05";"$2y$10$fM2X.TNL9v8wQR7a7f4ScuIyW1Rsg6y2YiBTE/OOU.KJ3GSMoYeJO";"1";"1"
"107";"Davonte";"Murazik";"5";"etha.schmidt@example.org";"18146296139";"2022-02-14 01:19:05";"2022-02-14 01:19:05";"$2y$10$mrgBRWOEwYzxNgMhMPwe6OzsFlNmhLrMpawfnRjHmcl5ioHsHQqdG";"1";"1"
"108";"Oda";"Casper";"5";"ispinka@example.com";"16694822313";"2022-02-14 01:19:05";"2022-02-14 01:19:05";"$2y$10$rg1KuT.Yzd1nOb2/GGSyle/eQyvsPZ31kiU7WjzckLazbSFiQgFri";"1";"1"
"109";"Luisa";"Terry";"5";"yasmine.schmeler@example.net";"19522159924";"2022-02-14 01:19:05";"2022-02-14 01:19:05";"$2y$10$8sQ3i.mnlwEvveOohmAkGuBmAu0AbJkz4ocIPD8AsQpYg/xM.WCWa";"1";"1"
"110";"Marquise";"Hintz";"5";"christa75@example.org";"19497451598";"2022-02-14 01:19:05";"2022-02-14 01:19:05";"$2y$10$sJOwaF/IvqzrBxJnhMmzIuNQbAXEQfVnagNYTokpOLGhpow4sUm2m";"1";"1"
"111";"Hope";"Daniel";"6";"tessie08@example.com";"17145307123";"2022-02-14 01:19:05";"2022-02-14 01:19:05";"$2y$10$m44hcBN31X6bNlbz6uUdJeSwVaYQ2Xoqli8CdRTZgTd7Up1vbUctu";"1";"1"
"112";"Hassie";"Wolff";"6";"qlubowitz@example.org";"12794740869";"2022-02-14 01:19:05";"2022-02-14 01:19:05";"$2y$10$zHb1FaZO5qnRA5Qz0uXAxOPr9z4D8akDtMceRDEPkT4KvUCsIWHQW";"1";"1"
"113";"Solon";"Altenwerth";"6";"carrie35@example.com";"18207043091";"2022-02-14 01:19:05";"2022-02-14 01:19:05";"$2y$10$OvWX3lNJfygURVCPT95ANOjdIoix6VnVrQwrCrAcPX7i2wdg6IlCu";"1";"1"
"114";"Alberta";"Miller";"6";"kozey.joel@example.org";"12486420631";"2022-02-14 01:19:05";"2022-02-14 01:19:05";"$2y$10$yj4f/NZ2PM4lOu9kCdM8IehylRW4abt2oXQfgLvkw5EJg0NTynC.W";"1";"1"
"115";"Keaton";"Boyer";"6";"torp.elliott@example.net";"15635633061";"2022-02-14 01:19:05";"2022-02-14 01:19:05";"$2y$10$F0wxru13Se2Vrvm9xRazvOP8yaSph4pSnE6qMTdXD75ygGFqDtf06";"1";"1"
"116";"Ludwig";"Deckow";"6";"lupe.friesen@example.org";"18506820383";"2022-02-14 01:19:05";"2022-02-14 01:19:05";"$2y$10$MIjPPdv9WDLJ/0cKOWO.1eJNn4kmvKFhsDoN84bn12zhcdoMMyEvu";"1";"1"
"117";"Yesenia";"Kub";"6";"linnea.haag@example.com";"15188639094";"2022-02-14 01:19:05";"2022-02-14 01:19:05";"$2y$10$A5OPxzN2X9/nwkiM4fDk4OzlZkYwcIH4qQtw8tYQKlO/ePBocVN7y";"1";"1"
"118";"Devyn";"Hyatt";"6";"edd.predovic@example.org";"12312944812";"2022-02-14 01:19:05";"2022-02-14 01:19:05";"$2y$10$.IXvFf/DmrlDX.xQ3dCXL.rIBuMH.FRfB38z2EyJED/ai6RBcJ7G2";"1";"1"
"119";"Claud";"Barton";"6";"ethelyn15@example.org";"15595298405";"2022-02-14 01:19:05";"2022-02-14 01:19:05";"$2y$10$NjWHLXXYejpcT10jaT2DIufpR2IHeVk9Bp3jVlc/K69ieLoFd95Sm";"1";"1"
"120";"Cassandra";"Auer";"6";"schneider.lizeth@example.com";"14427810316";"2022-02-14 01:19:05";"2022-02-14 01:19:05";"$2y$10$asWlGtvrrovmNF/QrK.UXew8P7EjxC1js8zmOxG5/qAjB5Y1yYb16";"1";"1"
"121";"Lavonne";"Wolf";"6";"boyer.maryse@example.org";"19703602253";"2022-02-14 01:19:05";"2022-02-14 01:19:05";"$2y$10$DEeIsvigW69ZNbWYEgrHi.0kSB6hYAhCYiQgb6T8soeafqATQHI5e";"1";"1"
"122";"Francisco";"Thompson";"6";"lrempel@example.net";"12022939228";"2022-02-14 01:19:05";"2022-02-14 01:19:05";"$2y$10$eUdI9SuvnNz6zYkUMpRl2.lLsqz8sHT27mgtVbD0QqFhG4deJZ2WW";"1";"1"
"123";"Judge";"Spinka";"6";"cathryn.rodriguez@example.org";"13204136290";"2022-02-14 01:19:05";"2022-02-14 01:19:05";"$2y$10$omD1qxxY5DI669S70ZZhMOEJUt/AAuK9mqcSQ7h43dTIwMFEFzRRa";"1";"1"
"124";"Kevon";"Fisher";"6";"lindsay.rempel@example.com";"19142015850";"2022-02-14 01:19:05";"2022-02-14 01:19:05";"$2y$10$9GuZXYHHM8yQ6MLXlGJ18eTW6kG38.lqWeZ1JJOdl27TkS2tUQDUq";"1";"1"
"125";"Elsie";"Treutel";"6";"janice22@example.com";"16896654606";"2022-02-14 01:19:05";"2022-02-14 01:19:05";"$2y$10$7COiiZJrXkWQgiAG6m1n7erwZhjnTdxuWOa5ALiHoyudW.walujAy";"1";"1"
"126";"Kenyatta";"Abbott";"7";"scarter@example.org";"17347059997";"2022-02-14 01:19:05";"2022-02-14 01:19:05";"$2y$10$4rFPOxZYTgqeT84XEHfyQ.hEGJxkIyFJe0F1aot1E5imGz3wRVTlK";"1";"1"
"127";"Adolph";"Wolff";"7";"muller.camryn@example.org";"15057471998";"2022-02-14 01:19:05";"2022-02-14 01:19:05";"$2y$10$UeZLKUf4Pfv1A33un5Ujoui/dkl9tAiNhwV.lMGHS.w4Bmezg2Rge";"1";"1"
"128";"Bernita";"Hill";"7";"blaise.mcglynn@example.net";"14237189324";"2022-02-14 01:19:05";"2022-02-14 01:19:05";"$2y$10$iMEcPtqdop7mT3vByIWDRefW9/v6SpIO6Cy8DHZeivxN9cT0VXrCy";"1";"1"
"129";"Nigel";"Zieme";"7";"alysa.white@example.org";"15405839967";"2022-02-14 01:19:05";"2022-02-14 01:19:05";"$2y$10$scwDq252daD1z6jX86UZquz/T0XC5oA2IeRO/OmEx/yJVuu7Z9pgm";"1";"1"
"130";"Esteban";"Johnson";"7";"llewellyn.hilpert@example.org";"15599780618";"2022-02-14 01:19:05";"2022-02-14 01:19:05";"$2y$10$7i5Cs9GBizq/10yfo19rmOQP1kooEqw9UEiYPmkycQOTM2nYXw6Oi";"1";"1"
"131";"Mayra";"Miller";"7";"heidenreich.jewel@example.org";"17135103691";"2022-02-14 01:19:05";"2022-02-14 01:19:05";"$2y$10$PBgskH7CnszSgkSxEdQb.uUx5WQEA0Lz9EMm0Eqw6HHDaR/JfQQMC";"1";"1"
"132";"Lora";"White";"7";"jcassin@example.net";"12208689480";"2022-02-14 01:19:05";"2022-02-14 01:19:05";"$2y$10$ucsoqbRxOwDM8duWhbwVj.EewxwMF6TkNe13/QisDYYetGFkmJHmy";"1";"1"
"133";"Elise";"Collins";"7";"kemmer.raheem@example.org";"15677974209";"2022-02-14 01:19:05";"2022-02-14 01:19:05";"$2y$10$Tc4rE0pD58HJJjbVgYhDcOPWbLL5qK8g8YvnPC2epsIjE0BZMqDGm";"1";"1"
"134";"Chadrick";"Renner";"7";"sconnelly@example.com";"13468369600";"2022-02-14 01:19:05";"2022-02-14 01:19:05";"$2y$10$MszH1cEK1GU8BkUQ1il7RuNZEoQ5L7P0cNCYppKh5U1nJYvAG.ZIW";"1";"1"
"135";"Eli";"Wolf";"7";"xwitting@example.org";"16173684431";"2022-02-14 01:19:05";"2022-02-14 01:19:05";"$2y$10$vnBvvi6zIwFrVdV5KxclPOJqrXe5UTzLjn.EDLkv2QxjTgUOr6iQO";"1";"1"
"136";"Geo";"Leffler";"7";"fsporer@example.net";"13523178087";"2022-02-14 01:19:05";"2022-02-14 01:19:05";"$2y$10$msAT6Fy0.1V0Dd5RSwB1FOzeeY.2wGKZt5dWZIN3XTd4.VK6TRzUK";"1";"1"
"137";"Jennifer";"Tillman";"7";"anna.west@example.com";"19788486822";"2022-02-14 01:19:05";"2022-02-14 01:19:05";"$2y$10$372itwemUA4DpCXUud2jM.3MBvTU1p.ZXrxHgJK8s7doCYPhjJck2";"1";"1"
"138";"Tessie";"Robel";"7";"zkovacek@example.net";"12482566660";"2022-02-14 01:19:05";"2022-02-14 01:19:05";"$2y$10$KS/IVe4auTsMMu.GIJD.QeSjR3WDVzDIXxPlUKT.odT.yCWvQqdrm";"1";"1"
"139";"Charlotte";"Larson";"7";"batz.kendrick@example.org";"19512094321";"2022-02-14 01:19:05";"2022-02-14 01:19:05";"$2y$10$NbbVTfKIVaMvL.O0Hv/6.eCSqDU.3yjmqAjLorZJjsaHAIgBnw55W";"1";"1"
"140";"Gene";"Hermann";"7";"rolfson.loren@example.org";"17543108613";"2022-02-14 01:19:05";"2022-02-14 01:19:05";"$2y$10$OzbJ//4//pziRb2X5FAR.u0xZdKI7ou0.Ldahb2Xplnz1tjYNEgE2";"1";"1"
"141";"Berta";"Koelpin";"7";"swift.nella@example.net";"16788002375";"2022-02-14 01:19:05";"2022-02-14 01:19:05";"$2y$10$jyaRtltIPe7ji3QhwgBEYeNXQ7dy6.r.EYeOILQwjEBY9NkyqloQW";"1";"1"
"142";"Jessica";"West";"7";"verla.hyatt@example.com";"13072418504";"2022-02-14 01:19:05";"2022-02-14 01:19:05";"$2y$10$B6D9fDf6TzyIXbY6iu8Jlu.QPLDCRkICU6UpxreDJPatGNNbPCzBi";"1";"1"
"143";"Adonis";"Pollich";"7";"elyssa03@example.org";"13473104239";"2022-02-14 01:19:05";"2022-02-14 01:19:05";"$2y$10$W37At1Jx3FOgOazP5YdS3OP.csclNpjqZXsStbz3yFFRVedYPZ2lG";"1";"1"
"144";"Electa";"Turner";"7";"torphy.erich@example.com";"15805497196";"2022-02-14 01:19:05";"2022-02-14 01:19:05";"$2y$10$.yWByYS4g/p22nRLHKHnSeAX5YB1S1C/5wM1GSW0yVkq9s5XiemRW";"1";"1"
"145";"Kaia";"Sipes";"7";"herzog.caleb@example.com";"18325078817";"2022-02-14 01:19:05";"2022-02-14 01:19:05";"$2y$10$vLyWV94WqbmTch8K61xBie1mSlFve8NmDa4MzUMRWFzLXKzbrbPvu";"1";"1"
"146";"Shanie";"Rolfson";"7";"fritchie@example.com";"16695274245";"2022-02-14 01:19:05";"2022-02-14 01:19:05";"$2y$10$XSPkK206IsQHxySwlltuz.mfgx/oaQHvFknpjzp76.mCHtIiM7iCi";"1";"1"
"147";"Kendra";"Kub";"7";"jennyfer.schiller@example.com";"14632472350";"2022-02-14 01:19:05";"2022-02-14 01:19:05";"$2y$10$b1USLyAXlphrX7oYmFon6.t82vfGP1CZwqBWsqyn5c61i1HB/MPAq";"1";"1"
"148";"Grayce";"Sporer";"7";"brandyn36@example.net";"13323866644";"2022-02-14 01:19:05";"2022-02-14 01:19:05";"$2y$10$DC0Jy8D2k/7BDqj7KqyTA.1qi4D3nwoBdO8EH1wJmvh2trrjRDA7a";"1";"1"
"149";"Clyde";"Hodkiewicz";"7";"schumm.general@example.org";"18044157162";"2022-02-14 01:19:05";"2022-02-14 01:19:05";"$2y$10$U1qdtrM1X4tzk/jX67R4QuYA75mFiUv3IXvbUKiodM6yIqLEHoRTa";"1";"1"
"150";"Rod";"Miller";"7";"owelch@example.net";"16789128100";"2022-02-14 01:19:05";"2022-02-14 01:19:05";"$2y$10$rkvhDqP9JEVS9/BolMKNTO41XxSFOrdv/55FOTL9ARFLcyWge2Np.";"1";"1"
"151";"Kathlyn";"Ondricka";"7";"alfred93@example.net";"12395590737";"2022-02-14 01:19:05";"2022-02-14 01:19:05";"$2y$10$8fuC7Gdfog7T/y23L1FKUew5RfGixZFcsBO3rG5dcrBHNCq8l4weG";"1";"1"
"152";"Kari";"Olson";"7";"oconnell.zena@example.net";"15406791930";"2022-02-14 01:19:05";"2022-02-14 01:19:05";"$2y$10$cjUh.wcV4wbXue3Le8KqJeakBDtZLiiPo2G4K5SlGIQ4ik0PMcEqu";"1";"1"
"153";"Albert";"Bartoletti";"7";"christina73@example.com";"19292402460";"2022-02-14 01:19:05";"2022-02-14 01:19:05";"$2y$10$UZeEZ6yCHfPvuAgvd7mzBuvpQrHPPPHviOZzSasS9fKzigiMARigS";"1";"1"
"154";"Macie";"Koss";"7";"blanda.elisha@example.com";"12408780479";"2022-02-14 01:19:05";"2022-02-14 01:19:05";"$2y$10$Y07hDqK9/L29W45vo/w62uqLeSmF25QkXyJH6gsnJAdaV92OOe1Sa";"1";"1"
"155";"Lourdes";"Moen";"7";"jleannon@example.org";"15085012700";"2022-02-14 01:19:05";"2022-02-14 01:19:05";"$2y$10$N73ZbGzsnfl4M/CCC2CWMuqC99HW18y/ZeiXKOBHxBw3lYbxQWdVy";"1";"1"
"156";"Juanita";"Walker";"7";"lilian.farrell@example.org";"15139454513";"2022-02-14 01:19:05";"2022-02-14 01:19:05";"$2y$10$F0tpaKchhqDYVDtXy/u6AuX8jxg5JAFIJcs.q5bHSBb9oAz3Mrdgm";"1";"1"
"157";"Gabriella";"Hagenes";"7";"balistreri.wiley@example.net";"17574070372";"2022-02-14 01:19:05";"2022-02-14 01:19:05";"$2y$10$0EOdqeM8fMp39KzhO0RyO.ipbjOzUkaETIHG7ega1mvkyuWeLn9.m";"1";"1"
"158";"Anastacio";"Zulauf";"7";"tbrekke@example.com";"16518211008";"2022-02-14 01:19:05";"2022-02-14 01:19:05";"$2y$10$e8FKgScydcNi3qUY.q1iS.mI3rJYxgqo9UoyqnguxbupwJ9DOWjkq";"1";"1"
"159";"Amira";"Raynor";"7";"peichmann@example.com";"19364417330";"2022-02-14 01:19:05";"2022-02-14 01:19:05";"$2y$10$Cizh6YBHYwlCip4tSO3EmOBMQiuHPqod9mRmyfgNBXUhS0nHDHcQS";"1";"1"
"160";"Larue";"Kshlerin";"7";"schiller.madalyn@example.org";"13307986783";"2022-02-14 01:19:05";"2022-02-14 01:19:05";"$2y$10$ZDYHj.ioGoV0/npYa3oPKudgj7tRAW5eZoYEn5OVNqBajpv3Rhfne";"1";"1"
"161";"Yasmine";"Friesen";"7";"grace69@example.net";"15703996906";"2022-02-14 01:19:05";"2022-02-14 01:19:05";"$2y$10$iynhrlsH05Upb9ltTrUjNOuitx.wBCpSNUx3BIgkprm69/FVIpiN.";"1";"1"
"162";"Destiny";"Altenwerth";"7";"green.fletcher@example.net";"13862603995";"2022-02-14 01:19:05";"2022-02-14 01:19:05";"$2y$10$9D1Hsl.X3aOjkO8Hq7l0QORViG/kLaPSHth6eD.BVQ22Yzt0qj7Ni";"1";"1"
"163";"Lauriane";"Murray";"7";"kathryn70@example.org";"15519638700";"2022-02-14 01:19:05";"2022-02-14 01:19:05";"$2y$10$kV0G6/1RVCJaVe/3wdJcleFWHJ2RwzbsM9yIJdeabSGKqOkMZYH.S";"1";"1"
"164";"Chaya";"Schiller";"7";"adams.jarod@example.org";"15314607196";"2022-02-14 01:19:05";"2022-02-14 01:19:05";"$2y$10$8FozwdftrHdkDyjgUv4s6eIsHi1nBBraWC1q.yYuqO1XPnnbjztaW";"1";"1"
"165";"Spencer";"Kshlerin";"7";"ophelia.rolfson@example.net";"19063333800";"2022-02-14 01:19:05";"2022-02-14 01:19:05";"$2y$10$rW.f9QZwfLqieS7kjZr.neVmJHf5uW4MeOz/5AcVg0tQUMZiuPD4S";"1";"1"
"166";"Chelsie";"Hamill";"7";"bednar.alphonso@example.com";"16194027762";"2022-02-14 01:19:05";"2022-02-14 01:19:05";"$2y$10$UymvzfktFTputbM9bG/SreO6WuNSihBFmiv8FOkez.aiuVIi53YHC";"1";"1"
"167";"Dorian";"Farrell";"7";"bechtelar.cristina@example.org";"16679430826";"2022-02-14 01:19:05";"2022-02-14 01:19:05";"$2y$10$Gri3vR6NLvYpLyQx.BNcD.1LE34pNHHRJRX0r./SrG2034E/gWP1q";"1";"1"
"168";"Maya";"Koss";"7";"gstroman@example.com";"16514069158";"2022-02-14 01:19:05";"2022-02-14 01:19:05";"$2y$10$DirhoWzBXOQYwutfAaknDOCzC8tTuaeFVa79LLK.lv5O9O8.go8QC";"1";"1"
"169";"Alena";"Hartmann";"7";"runolfsdottir.eldon@example.net";"19314611472";"2022-02-14 01:19:05";"2022-02-14 01:19:05";"$2y$10$BpBT5ftb/3cyPMFZU8azee8BYK8WfYkA/oHGH7dUAZQ6xXkK2LZGK";"1";"1"
"170";"Christian";"Green";"7";"norberto.medhurst@example.net";"17574562687";"2022-02-14 01:19:05";"2022-02-14 01:19:05";"$2y$10$JcdTtsl7V1x9zvcJ7EnHjOZSivTYMFG0O.Ch7iT3Ajsoke1izUKSG";"1";"1"
"171";"Bo";"Heaney";"7";"lprice@example.org";"15312304594";"2022-02-14 01:19:05";"2022-02-14 01:19:05";"$2y$10$YMzIfHUhxc/1O.iRuBxcrujyDUGI5ZRaxZQlHq.HXr4Iu6Fk3Uui6";"1";"1"
"172";"Orville";"Waelchi";"7";"beier.katelin@example.org";"16509152269";"2022-02-14 01:19:05";"2022-02-14 01:19:05";"$2y$10$TBH8gCIfj/qXw6Q1sd2su.8INKD4pVPp2sW8qZ1H.1zOr3iRWLo2K";"1";"1"
"173";"Maximo";"Shanahan";"7";"deckow.kaya@example.org";"18044444214";"2022-02-14 01:19:05";"2022-02-14 01:19:05";"$2y$10$FYHAXyTiBEajOq/05XBgNejB/91B8WxVDRFJB7ALgWitaZf6COyvS";"1";"1"
"174";"Jermaine";"Bergstrom";"7";"nberge@example.org";"17315153542";"2022-02-14 01:19:05";"2022-02-14 01:19:05";"$2y$10$9Lo1oJC3N/6TrT8Q.1AlkuE1X5B5fdLOby78hIJYEnT2Stg9HhuAW";"1";"1"
"175";"Freeman";"Mills";"7";"dulce58@example.org";"15732101740";"2022-02-14 01:19:05";"2022-02-14 01:19:05";"$2y$10$Ih787OWJq5AfOreoqBq6iuEBSrzSOUxitvdLZ4IyhizYrH75wII6i";"1";"1"
"176";"Odie";"Walker";"8";"klocko.jaycee@example.com";"19075855951";"2022-02-14 01:19:05";"2022-02-14 01:19:05";"$2y$10$CbuyaE1bXwewh3bW64j8SOwWU.bQcY6/ZFPEi708PrDfqLILvNFpS";"1";"1"
"177";"Sonny";"Denesik";"8";"wilderman.burdette@example.org";"13516020647";"2022-02-14 01:19:05";"2022-02-14 01:19:05";"$2y$10$j2lPY/TsPnbiAS53NVfyeeQlUeZ6djSOZuGq0W5Zd4KLnT5Xbi0Ya";"1";"1"
"178";"Elyssa";"Johnson";"8";"delores.mante@example.com";"16286462188";"2022-02-14 01:19:05";"2022-02-14 01:19:05";"$2y$10$iVi9KVX0wM/o7v1C7XmySumofn2v2CBRTZQCpUofdMa7fKAZYZTf2";"1";"1"
"179";"Edward";"Ortiz";"8";"gmetz@example.org";"12346466472";"2022-02-14 01:19:05";"2022-02-14 01:19:05";"$2y$10$NBdjUximp5iFjCd6XyJuSO6QVWUFo3sR372Y4YG2Vx4BcKkmIjasS";"1";"1"
"180";"Marcelle";"Miller";"8";"nathan.kihn@example.com";"19169306366";"2022-02-14 01:19:05";"2022-02-14 01:19:05";"$2y$10$B1CnjcfHGPAG6hOGW/e2x.9Kop1Xf5cIgX4ErN0y7jkDHgAML6.8m";"1";"1"
"181";"Wilhelmine";"Boehm";"8";"schmidt.harvey@example.net";"13869510454";"2022-02-14 01:19:05";"2022-02-14 01:19:05";"$2y$10$THSIlvJhRVXrrrk5OcXC..0baTJAQZzxbOFH8RcmlfzOWevGZsKo.";"1";"1"
"182";"Hermann";"Koepp";"8";"carrie73@example.net";"15599603288";"2022-02-14 01:19:05";"2022-02-14 01:19:05";"$2y$10$EsfTpgxDSYu1mZSOjm5VAOg9MqnZWJ.4rboZ3NPXmlcQLoEMLmL6m";"1";"1"
"183";"Edd";"Hills";"8";"jailyn66@example.net";"16166943976";"2022-02-14 01:19:05";"2022-02-14 01:19:05";"$2y$10$bqhE/IysRmoKvcoRkhhse.PC/C7pQwDdfea7xbJaRK/v/nBsRC/72";"1";"1"
"184";"Zetta";"Kutch";"8";"ushields@example.net";"19032336875";"2022-02-14 01:19:05";"2022-02-14 01:19:05";"$2y$10$9i.3CaK8gokb51n98fHtyuLAgkd2z3dulXJ.8B5Luw6Aj8lO0EGae";"1";"1"
"185";"Sheridan";"Bode";"8";"kendrick15@example.org";"17267151384";"2022-02-14 01:19:05";"2022-02-14 01:19:05";"$2y$10$zzJYX5NJlSu2gmj0abmKbOaLFK32BFYluCQq/ogLxjiX7fIqOBkHy";"1";"1"
"186";"Ewald";"Lebsack";"8";"madaline54@example.net";"12485512227";"2022-02-14 01:19:05";"2022-02-14 01:19:05";"$2y$10$0LkhtDNZVA53aBIpnSF7FOULrsUAqBmcAb6jEgL6/z4OF/fGu590K";"1";"1"
"187";"Sam";"Roberts";"8";"sarina.schaefer@example.net";"17815935222";"2022-02-14 01:19:05";"2022-02-14 01:19:05";"$2y$10$COSJgAgUtd7EvYgxeDlZQ.jicoPbkdLMTHuzQe4YRIbL8QC6xaLKu";"1";"1"
"188";"Quincy";"Casper";"8";"metz.eladio@example.net";"14234781233";"2022-02-14 01:19:05";"2022-02-14 01:19:05";"$2y$10$amPLJ4kpw2agKaohFbcD9esVbLdl/wz4XoSFjrPPkmna8c6c53StO";"1";"1"
"189";"Kirsten";"Ondricka";"8";"rau.isabell@example.org";"18583053806";"2022-02-14 01:19:05";"2022-02-14 01:19:05";"$2y$10$tX0UysgwIwuSbM49YPCNcuaM3EhTj4kk4JRfePuuioPA.9n1lBEg6";"1";"1"
"190";"Viviane";"Halvorson";"8";"bzulauf@example.com";"12084545526";"2022-02-14 01:19:05";"2022-02-14 01:19:05";"$2y$10$iVGigGK8VJz4J.q7wS0WyOnlzvZWyV0DEhKOg8iJIVsqiYoj2JK8O";"1";"1"
"191";"Cleve";"Carroll";"8";"christa82@example.org";"13103738308";"2022-02-14 01:19:05";"2022-02-14 01:19:05";"$2y$10$T33yw5S0wYc/pq/Vb5wXi.ocXZ8x/QDyTHqX.TWIaF/S/TysbUZ9S";"1";"1"
"192";"Felicity";"Tremblay";"8";"ihuel@example.com";"17859028728";"2022-02-14 01:19:05";"2022-02-14 01:19:05";"$2y$10$1HmsAACCffMDEWDcQIOLoeF2vxsuRoh4mqJIFBm71BBhcYScUk62K";"1";"1"
"193";"Darrel";"Krajcik";"8";"heidi21@example.org";"19517033526";"2022-02-14 01:19:05";"2022-02-14 01:19:05";"$2y$10$libzVgXN90Xzbnj.JAk.d.8tikOFz1XVfX9DWLYWYyhi4.Qe4aMvS";"1";"1"
"194";"Wyatt";"Gottlieb";"8";"terrance.hill@example.net";"16695152752";"2022-02-14 01:19:05";"2022-02-14 01:19:05";"$2y$10$T7c60qM59GX6r18dEM.VauoOFk3uEghib.oBbP3/EbNKOCEBCVmAu";"1";"1"
"195";"Stone";"Hauck";"8";"sbraun@example.net";"15417488137";"2022-02-14 01:19:05";"2022-02-14 01:19:05";"$2y$10$iPBYdjIOtFRtl0E2qEkyEeDmwRthX4CXYQmTlDI.jY4IzJ5Huw99S";"1";"1"
"196";"Kaela";"Morissette";"8";"agustin56@example.org";"17867391095";"2022-02-14 01:19:05";"2022-02-14 01:19:05";"$2y$10$Ic/pNtoOCP1r6UVoNOdM7.CaLZyQjdB/ZxiVeGlUaNDx.36k0KZ9e";"1";"1"
"197";"Leann";"Macejkovic";"8";"otho38@example.net";"16018895883";"2022-02-14 01:19:05";"2022-02-14 01:19:05";"$2y$10$VP8Jkw9GvhYWxosZpyzTve459aps4hXDG5MQHulOvi7ymgUeXx/nC";"1";"1"
"198";"Ila";"Friesen";"8";"ckirlin@example.com";"15034318030";"2022-02-14 01:19:05";"2022-02-14 01:19:05";"$2y$10$ogvodNLg0a4BUAf6ta40O.qSw9VZIWRE3mqZ6XdKqax5/L4aUNsoO";"1";"1"
"199";"Floyd";"Bergnaum";"8";"sally49@example.net";"14257451749";"2022-02-14 01:19:05";"2022-02-14 01:19:05";"$2y$10$xDJzEAkLDbP7RfD6qnuIa.zN8D3ix8dUJUjsdq4hk3pU3iIfhgS1u";"1";"1"
"200";"Hardy";"Will";"8";"von.carissa@example.com";"19292097142";"2022-02-14 01:19:05";"2022-02-14 01:19:05";"$2y$10$WVnsgIE996BBPLM4QY7oHORlG69d7N4W/N3UuHXvGOk5WZHN1nziK";"1";"1"
